guide_type,attraction_type,attraction_name,attraction_description,attraction_location,attraction_highlight
Attractions,Scenic View,Twin Peaks,"Offers panoramic 360-degree views of San Francisco, including downtown, the Bay Bridge, and the Pacific Ocean.","501 Twin Peaks Blvd, San Francisco, CA 94114",Ideal for sightseeing and photography.
Attractions,Park,Golden Gate Park,"A vast urban park featuring gardens, museums, and recreational facilities.","501 Stanyan St, San Francisco, CA 94117","Suitable for picnics, leisurely walks, and cultural exploration."
Attractions,Trail,Lands End Trail,A scenic coastal trail with views of the Golden Gate Bridge and access to historic sites.,"680 Point Lobos Ave, San Francisco, CA 94121",Popular for hiking and bird-watching.
Attractions,Scenic View,Coit Tower,A historic tower offering panoramic city views from its observation deck.,"1 Telegraph Hill Blvd, San Francisco, CA 94133",Great for cityscape photography and history enthusiasts.
Attractions,Park,Presidio of San Francisco,"A former military base turned national park with forests, trails, and historic sites.","103 Montgomery St, San Francisco, CA 94129","Ideal for hiking, biking, and historical exploration."
Attractions,Trail,Philosopher's Way,"A 2.7-mile loop trail featuring ""musing stations"" designed to inspire contemplation.","John McLaren Park, San Francisco, CA",Perfect for reflective walks and nature appreciation.
Attractions,Scenic View,Bernal Heights Park,A hilltop park offering sweeping views of the city and the bay.,"3400-3416 Folsom St, San Francisco, CA 94110",Favored for sunrise and sunset viewing.
Attractions,Park,Dolores Park,A vibrant urban park known for its open lawns and city views.,"19th St & Dolores St, San Francisco, CA 94114","Popular for picnics, sunbathing, and people-watching."
Attractions,Trail,Mount Davidson Trail,"A trail leading to the highest point in San Francisco, featuring a large cross and forested areas.","Dalewood Way & Myra Way, San Francisco, CA 94127",Ideal for hiking and panoramic city views.
Attractions,Scenic View,Grandview Park,A small hilltop park offering 360-degree views of the city and the Pacific Ocean.,"14th Ave & Moraga St, San Francisco, CA 94122",Great for photography and quiet contemplation.
Attractions,Park,Glen Canyon Park,"A natural canyon featuring trails, rock formations, and a flowing creek.","70 Elk St, San Francisco, CA 94131","Suitable for hiking, bird-watching, and rock climbing."
Attractions,Trail,Batteries to Bluffs Trail,A coastal trail with historic military sites and stunning ocean views.,"Langdon Ct, San Francisco, CA 94129",Popular for hiking and exploring historical landmarks.
Attractions,Scenic View,Corona Heights Park,A hilltop park offering panoramic views of downtown San Francisco and the bay.,"Roosevelt Way & Museum Way, San Francisco, CA 94114",Ideal for cityscape photography and dog walking.
Attractions,Park,Alamo Square Park,"Known for its famous Painted Ladies, this park offers picturesque city views.","Steiner St & Hayes St, San Francisco, CA 94117",Great for photography and leisurely strolls.
Attractions,Trail,Bay Area Ridge Trail,A segment of a 550-mile trail offering diverse landscapes and city vistas.,Various entry points in San Francisco,"Ideal for hiking, biking, and nature walks."
Attractions,Scenic View,Sutro Baths,Ruins of a historic bathhouse with coastal views and nearby trails.,"1004 Point Lobos Ave, San Francisco, CA 94121",Popular for exploration and photography.
Attractions,Park,Buena Vista Park,San Francisco's oldest park featuring wooded areas and city views.,"Buena Vista Ave E & Haight St, San Francisco, CA 94117",Suitable for hiking and dog walking.
Attractions,Trail,Fort Funston Trail,Coastal trails atop cliffs with ocean views and sandy beaches.,"Skyline Blvd, San Francisco, CA 94132",Favored for dog walking and hang gliding.
Attractions,Scenic View,Hawk Hill,"Located just north of San Francisco, offering panoramic views of the Golden Gate Bridge and the city.","Conzelman Rd, Sausalito, CA 94965",Ideal for bird-watching and photography.
Attractions,Park,Crissy Field,"A former airfield turned park with open spaces, beaches, and bay views.","1199 E Beach, San Francisco, CA 94129","Great for picnics, kite flying, and waterfront walks."
Attractions,Park,Sign Hill Park,Offers 30 acres of open space and nearly two miles of hiking trails with scenic views.,"South San Francisco, CA",Ideal for hiking and enjoying panoramic vistas.
Attractions,Trail,Creeks to Peaks Trail,"Connects Glen Canyon Park to Twin Peaks, offering diverse landscapes and city views.","San Francisco, CA",Popular for hiking and nature walks.
Attractions,Trail,Bay Area Ridge Trail,A 550-mile trail offering diverse landscapes and city vistas.,Various entry points in San Francisco,"Ideal for hiking, biking, and nature walks."
Attractions,Trail,San Francisco Bay Trail,"A planned 500-mile trail around the Bay, with 356 miles completed, offering diverse landscapes and city vistas.",Various entry points in San Francisco,"Ideal for hiking, biking, and nature walks."
Attractions,Park,Holly Park,"One of San Francisco's oldest parks, featuring walking paths, playgrounds, and city views.","Bernal Heights, San Francisco, CA",Suitable for picnics and leisurely strolls.
Attractions,Park,McLaren Park,"The city's second-largest park, offering trails, a golf course, and natural areas.","100 John F Shelley Dr, San Francisco, CA","Ideal for hiking, picnics, and bird-watching."
Attractions,Scenic View,Hawk Hill,"Located just north of San Francisco, offering panoramic views of the Golden Gate Bridge and the city.","Conzelman Rd, Sausalito, CA 94965",Ideal for bird-watching and photography.
Attractions,Park,Crissy Field,"A former airfield turned park with open spaces, beaches, and bay views.","1199 E Beach, San Francisco, CA 94129","Great for picnics, kite flying, and waterfront walks."
Attractions,Trail,Fort Funston Trail,Coastal trails atop cliffs with ocean views and sandy beaches.,"Skyline Blvd, San Francisco, CA 94132",Favored for dog walking and hang gliding.
Attractions,Park,Ocean Beach,"A 3.5-mile stretch of white sand along the Pacific Ocean, popular for its serene environment.","Great Hwy, San Francisco, CA","Ideal for beachcombing, picnics, and watching sunsets."
Attractions,Park,Lincoln Park,"Home to the Legion of Honor museum, this park offers wooded areas, trails, and coastal views.","100 34th Ave, San Francisco, CA 94121",Suitable for art enthusiasts and nature lovers.
Attractions,Trail,Tennessee Valley Trail,"A scenic trail leading to a secluded beach, surrounded by rolling hills and wildflowers.","Tennessee Valley Rd, Mill Valley, CA",Popular for hiking and bird-watching.
Attractions,Park,Mount Tamalpais State Park,"Offers panoramic views of the Bay Area, redwood groves, and numerous hiking trails.","3801 Panoramic Hwy, Mill Valley, CA 94941","Ideal for hiking, picnics, and photography."
Attractions,Scenic View,Battery Spencer,Provides one of the best vantage points for viewing the Golden Gate Bridge and San Francisco skyline.,"Conzelman Rd, Sausalito, CA 94965",Great for photography and sightseeing.
Attractions,Park,Angel Island State Park,"Accessible by ferry, this island park offers hiking trails, historic sites, and 360-degree views of the Bay Area.","Tiburon, CA","Ideal for hiking, biking, and historical exploration."
Attractions,Trail,Dipsea Trail,"A challenging trail that passes through redwood forests and coastal areas, ending at Stinson Beach.","Starts near Mill Valley, CA",Popular among experienced hikers and trail runners.
Attractions,Park,San Bruno Mountain State Park,"Features diverse habitats, rare plants, and sweeping views of the Bay Area.","555 Guadalupe Canyon Pkwy, Brisbane, CA 94005","Suitable for hiking, bird-watching, and nature study."
Attractions,Scenic View,Treasure Island,"Offers unique perspectives of the San Francisco skyline and Bay Bridge, especially during sunset.","San Francisco, CA",Ideal for photography and leisurely exploration.
Attractions,Park,Candlestick Point State Recreation Area,"One of the state's first urban parks, offering picnic areas, fishing spots, and windsurfing access.","500 Hunters Point Expy, San Francisco, CA 94124",Great for outdoor recreation and waterfront activities.
Attractions,Trail,Sawyer Camp Trail,"A popular paved trail along the Crystal Springs Reservoir, surrounded by oak and madrone forests.","Skyline Blvd & Crystal Springs Rd, San Mateo, CA","Ideal for biking, jogging, and nature walks."
Attractions,Park,Tilden Regional Park,"A vast park offering numerous trails, a botanical garden, and a small lake.","2501 Grizzly Peak Blvd, Berkeley, CA 94708","Ideal for hiking, picnics, and nature study."
Attractions,Trail,Dipsea Trail,"A scenic trail that stretches from Mill Valley to Stinson Beach, passing through redwood forests and open hills.","Starts at Old Mill Park, Mill Valley, CA 94941",Popular for hiking and trail running.
Attractions,Scenic View,Mount Diablo State Park,"Offers panoramic views of the Bay Area from its summit, accessible via hiking trails or a scenic drive.","Summit Rd, Walnut Creek, CA 94598","Ideal for hiking, biking, and photography."
Attractions,Park,Joaquin Miller Park,"Features redwood groves, open meadows, and numerous trails.","3450 Joaquin Miller Rd, Oakland, CA 94602","Suitable for hiking, picnics, and dog walking."
Attractions,Trail,Tomales Point Trail,A coastal trail offering views of the Pacific Ocean and opportunities to see tule elk.,"Pierce Point Rd, Inverness, CA 94937",Ideal for hiking and wildlife viewing.
Attractions,Scenic View,Mount Tamalpais East Peak,Provides a paved loop trail around the peak with panoramic views of the Bay Area.,"East Peak, Mill Valley, CA 94941",Great for easy hikes and sightseeing.
Attractions,Park,Samuel P. Taylor State Park,Known for its redwood groves and the scenic Cross Marin Trail.,"8889 Sir Francis Drake Blvd, Lagunitas, CA 94938","Suitable for hiking, biking, and camping."
Attractions,Trail,Matt Davis Trail,"A trail that winds through forests and meadows, connecting Mount Tamalpais to Stinson Beach.","Starts near Pantoll Ranger Station, Mill Valley, CA 94941",Popular for hiking and scenic views.
Attractions,Scenic View,Point Reyes Lighthouse,Offers dramatic coastal views and a historic lighthouse.,"27000 Sir Francis Drake Blvd, Inverness, CA 94937",Ideal for sightseeing and photography.
Attractions,Park,China Camp State Park,"Features a historic Chinese fishing village, extensive trails, and scenic waterfront views.","101 Peacock Gap Trail, San Rafael, CA 94901","Suitable for hiking, biking, and historical exploration."
Attractions,Trail,Cataract Falls Trail,"A trail leading to a series of cascading waterfalls, especially impressive after rainfall.","Fairfax-Bolinas Rd, Stinson Beach, CA 94970",Ideal for hiking and nature appreciation.
Attractions,Scenic View,Mount Davidson,"The highest natural point in San Francisco, offering panoramic city views.","Myra Way & Dalewood Way, San Francisco, CA 94127",Great for hiking and photography.
Attractions,Park,Coyote Hills Regional Park,"Known for its marshlands, rolling hills, and Native American archaeological sites.","8000 Patterson Ranch Rd, Fremont, CA 94555","Suitable for hiking, biking, and bird-watching."
Attractions,Trail,Purisima Creek Redwoods,Offers trails through redwood forests with ocean views.,"Purisima Creek Rd, Half Moon Bay, CA 94019",Ideal for hiking and nature walks.
Attractions,Scenic View,Mount Hamilton,"Home to the Lick Observatory, offering expansive views of the Santa Clara Valley.","7281 Mount Hamilton Rd, Mount Hamilton, CA 95140",Great for astronomy enthusiasts and sightseeing.
Attractions,Park,Briones Regional Park,"Features rolling hills, open meadows, and panoramic ridge views.","2537 Reliez Valley Rd, Martinez, CA 94553","Suitable for hiking, horseback riding, and picnics."
Attractions,Trail,Skyline Ridge Open Space Preserve,Offers trails with views of the Pacific Ocean and Santa Cruz Mountains.,"Skyline Blvd, Los Gatos, CA 95033",Ideal for hiking and wildlife observation.
Attractions,Scenic View,Pigeon Point Lighthouse,A historic lighthouse offering coastal views and opportunities for whale watching.,"210 Pigeon Point Rd, Pescadero, CA 94060",Great for sightseeing and photography.
Attractions,Park,Alum Rock Park,"One of California's oldest municipal parks, featuring mineral springs and diverse trails.","15350 Penitencia Creek Rd, San Jose, CA 95127","Suitable for hiking, picnics, and nature study."
Attractions,Trail,Sweeney Ridge Trail,A trail leading to the San Francisco Bay Discovery Site with expansive views of the Pacific Ocean and San Francisco Bay.,"Sneath Ln, San Bruno, CA 94066",Ideal for hiking and historical exploration.
Attractions,Park,Sign Hill Park,Offers 30 acres of open space and nearly two miles of hiking trails with scenic views.,"South San Francisco, CA",Ideal for hiking and enjoying panoramic vistas.
Attractions,Trail,Creeks to Peaks Trail,"Connects Glen Canyon Park to Twin Peaks, offering diverse landscapes and city views.","San Francisco, CA",Popular for hiking and nature walks.
Attractions,Trail,San Francisco Bay Trail,"A planned 500-mile trail around the Bay, with 356 miles completed, offering diverse landscapes and city vistas.",Various entry points in San Francisco,"Ideal for hiking, biking, and nature walks."
Attractions,Park,Holly Park,"One of San Francisco's oldest parks, featuring walking paths, playgrounds, and city views.","Bernal Heights, San Francisco, CA",Suitable for picnics and leisurely strolls.
Attractions,Park,McLaren Park,"The city's second-largest park, offering trails, a golf course, and natural areas.","100 John F Shelley Dr, San Francisco, CA","Ideal for hiking, picnics, and bird-watching."
Attractions,Scenic View,Mount Diablo State Park,"Offers panoramic views of the Bay Area from its summit, accessible via hiking trails or a scenic drive.","Summit Rd, Walnut Creek, CA 94598","Ideal for hiking, biking, and photography."
Attractions,Park,Joaquin Miller Park,"Features redwood groves, open meadows, and numerous trails.","3450 Joaquin Miller Rd, Oakland, CA 94602","Suitable for hiking, picnics, and dog walking."
Attractions,Trail,Tomales Point Trail,A coastal trail offering views of the Pacific Ocean and opportunities to see tule elk.,"Pierce Point Rd, Inverness, CA 94937",Ideal for hiking and wildlife viewing.
Attractions,Scenic View,Mount Tamalpais East Peak,Provides a paved loop trail around the peak with panoramic views of the Bay Area.,"East Peak, Mill Valley, CA 94941",Great for easy hikes and sightseeing.
Attractions,Park,Samuel P. Taylor State Park,Known for its redwood groves and the scenic Cross Marin Trail.,"8889 Sir Francis Drake Blvd, Lagunitas, CA 94938","Suitable for hiking, biking, and camping."
Attractions,Trail,Matt Davis Trail,"A trail that winds through forests and meadows, connecting Mount Tamalpais to Stinson Beach.","Starts near Pantoll Ranger Station, Mill Valley, CA 94941",Popular for hiking and scenic views.
Attractions,Scenic View,Point Reyes Lighthouse,Offers dramatic coastal views and a historic lighthouse.,"27000 Sir Francis Drake Blvd, Inverness, CA 94937",Ideal for sightseeing and photography.
Attractions,Park,China Camp State Park,"Features a historic Chinese fishing village, extensive trails, and scenic waterfront views.","101 Peacock Gap Trail, San Rafael, CA 94901","Suitable for hiking, biking, and historical exploration."
Attractions,Trail,Cataract Falls Trail,"A trail leading to a series of cascading waterfalls, especially impressive after rainfall.","Fairfax-Bolinas Rd, Stinson Beach, CA 94970",Ideal for hiking and nature appreciation.
Attractions,Scenic View,Mount Davidson,"The highest natural point in San Francisco, offering panoramic city views.","Myra Way & Dalewood Way, San Francisco, CA 94127",Great for hiking and photography.
Attractions,Park,Coyote Hills Regional Park,"Known for its marshlands, rolling hills, and Native American archaeological sites.","8000 Patterson Ranch Rd, Fremont, CA 94555","Suitable for hiking, biking, and bird-watching."
Attractions,Trail,Purisima Creek Redwoods,Offers trails through redwood forests with ocean views.,"Purisima Creek Rd, Half Moon Bay, CA 94019",Ideal for hiking and nature walks.
Attractions,Scenic View,Mount Hamilton,"Home to the Lick Observatory, offering expansive views of the Santa Clara Valley.","7281 Mount Hamilton Rd, Mount Hamilton, CA 95140",Great for astronomy enthusiasts and sightseeing.
Attractions,Park,Briones Regional Park,"Features rolling hills, open meadows, and panoramic ridge views.","2537 Reliez Valley Rd, Martinez, CA 94553","Suitable for hiking, horseback riding, and picnics."
Attractions,Trail,Skyline Ridge Open Space Preserve,Offers trails with views of the Pacific Ocean and Santa Cruz Mountains.,"Skyline Blvd, Los Gatos, CA 95033",Ideal for hiking and wildlife observation.
Attractions,Park,Sign Hill Park,Offers 30 acres of open space and nearly two miles of hiking trails with scenic views.,"South San Francisco, CA",Ideal for hiking and enjoying panoramic vistas.
Attractions,Trail,Creeks to Peaks Trail,"Connects Glen Canyon Park to Twin Peaks, offering diverse landscapes and city views.","San Francisco, CA",Popular for hiking and nature walks.
Attractions,Trail,San Francisco Bay Trail,"A planned 500-mile trail around the Bay, with 356 miles completed, offering diverse landscapes and city vistas.",Various entry points in San Francisco,"Ideal for hiking, biking, and nature walks."
Attractions,Park,Holly Park,"One of San Francisco's oldest parks, featuring walking paths, playgrounds, and city views.","Bernal Heights, San Francisco, CA",Suitable for picnics and leisurely strolls.
Attractions,Park,McLaren Park,"The city's second-largest park, offering trails, a golf course, and natural areas.","100 John F Shelley Dr, San Francisco, CA","Ideal for hiking, picnics, and bird-watching."
Attractions,Scenic View,Mount Diablo State Park,"Offers panoramic views of the Bay Area from its summit, accessible via hiking trails or a scenic drive.","Summit Rd, Walnut Creek, CA 94598","Ideal for hiking, biking, and photography."
Attractions,Park,Joaquin Miller Park,"Features redwood groves, open meadows, and numerous trails.","3450 Joaquin Miller Rd, Oakland, CA 94602","Suitable for hiking, picnics, and dog walking."
Attractions,Trail,Tomales Point Trail,A coastal trail offering views of the Pacific Ocean and opportunities to see tule elk.,"Pierce Point Rd, Inverness, CA 94937",Ideal for hiking and wildlife viewing.
Attractions,Scenic View,Mount Tamalpais East Peak,Provides a paved loop trail around the peak with panoramic views of the Bay Area.,"East Peak, Mill Valley, CA 94941",Great for easy hikes and sightseeing.
Attractions,Park,Samuel P. Taylor State Park,Known for its redwood groves and the scenic Cross Marin Trail.,"8889 Sir Francis Drake Blvd, Lagunitas, CA 94938","Suitable for hiking, biking, and camping."
Attractions,Trail,Matt Davis Trail,"A trail that winds through forests and meadows, connecting Mount Tamalpais to Stinson Beach.","Starts near Pantoll Ranger Station, Mill Valley, CA 94941",Popular for hiking and scenic views.
Attractions,Scenic View,Point Reyes Lighthouse,Offers dramatic coastal views and a historic lighthouse.,"27000 Sir Francis Drake Blvd, Inverness, CA 94937",Ideal for sightseeing and photography.
Attractions,Park,China Camp State Park,"Features a historic Chinese fishing village, extensive trails, and scenic waterfront views.","101 Peacock Gap Trail, San Rafael, CA 94901","Suitable for hiking, biking, and historical exploration."
Attractions,Trail,Cataract Falls Trail,"A trail leading to a series of cascading waterfalls, especially impressive after rainfall.","Fairfax-Bolinas Rd, Stinson Beach, CA 94970",Ideal for hiking and nature appreciation.
Attractions,Scenic View,Mount Davidson,"The highest natural point in San Francisco, offering panoramic city views.","Myra Way & Dalewood Way, San Francisco, CA 94127",Great for hiking and photography.
Attractions,Park,Coyote Hills Regional Park,"Known for its marshlands, rolling hills, and Native American archaeological sites.","8000 Patterson Ranch Rd, Fremont, CA 94555","Suitable for hiking, biking, and bird-watching."
Attractions,Trail,Purisima Creek Redwoods,Offers trails through redwood forests with ocean views.,"Purisima Creek Rd, Half Moon Bay, CA 94019",Ideal for hiking and nature walks.
Attractions,Scenic View,Mount Hamilton,"Home to the Lick Observatory, offering expansive views of the Santa Clara Valley.","7281 Mount Hamilton Rd, Mount Hamilton, CA 95140",Great for astronomy enthusiasts and sightseeing.
Attractions,Park,Briones Regional Park,"Features rolling hills, open meadows, and panoramic ridge views.","2537 Reliez Valley Rd, Martinez, CA 94553","Suitable for hiking, horseback riding, and picnics."
Attractions,Trail,Skyline Ridge Open Space Preserve,Offers trails with views of the Pacific Ocean and Santa Cruz Mountains.,"Skyline Blvd, Los Gatos, CA 95033",Ideal for hiking and wildlife observation.